题目ID,学科一级分类,学科二级分类,题目难度,任务概要,涉及的专业软件,包含的操作类型,任务prompt‼️,输入数据包（压缩包）‼️,reference（压缩包）‼️,关键标准答案‼️,关键动作,评分表（直接输入内容或使用txt文档）‼️,本项任务的环境依赖,相关专业软件的关键步骤,任务规格转化（excel或txt文档）,初标是否已完成,生产专家,完成日期
,"Computing, Data & Mathematical Sciences 计算、数据与数学科学",数据与分析工程,高,训练平台准备开放新一轮共享GPU训练窗口。发布值班需要确认团队申请、Airflow资源声明和失败后的租约释放能够闭环，避免无效申请进入窗口，并为容量变更和故障复盘留下同一口径的运行记录。Apache Airflow用于装载DAG、保存Pool与TaskInstance事实，并实际运行发布就绪和校验中止两个场景。值班负责人依据交付结果决定是否开放窗口，后续值班也可据此核对资源配置和任务状态。,Apache Airflow,领域专业软件操作、文件和数据处理、脚本/命令/程序化处理、结果验证,"训练平台即将开放一轮共享GPU训练窗口。值班负责人希望在开放前完成一次本地发布演练，确认五条训练申请都符合团队控制，DAG中的资源声明与本次Pool方案一致，并且校验失败后仍会释放发布租约。

输入包中的training_requests.csv列出训练申请、目标Pool、槽位数和发布顺序；team_controls.csv给出团队可用Pool及单任务槽位上限；pool_plan.csv给出要写入Airflow元数据库的Pool容量；rehearsal_scenarios.csv定义发布就绪和校验中止两个场景；release_policy.json给出DAG、租约和调度边界；starter目录提供待完成的DAG起始文件。字段关系和材料来源见数据说明。

请在Apache Airflow2.10.5中完成shared_gpu_release_rehearsal。先核对申请与团队控制，遇到重复主键、未知团队、Pool不符、槽位越界或未知失败对象时应停止，不生成本轮交付物。随后把pool_plan.csv中的两个Pool写入本次元数据库，完成DAG的setup、五个申请任务和teardown结构。每个申请任务必须使用对应的pool和pool_slots，申请任务按release_order衔接；校验中止时，后续申请不得继续执行，租约仍须释放，DagRun最终保持失败。

运行rehearsal_scenarios.csv中的两个场景，从DagBag、Pool、DagRun和TaskInstance读取本次事实。交付dags/shared_gpu_release_rehearsal.py、tools/run_rehearsal.py、reports/dag_contract.csv、reports/pool_configuration.csv、reports/run_outcomes.csv、reports/task_instance_evidence.csv、reports/lease_events.csv以及runtime_events目录。两个场景的DAG状态需与输入一致，每个场景只能出现一次租约取得和一次租约释放，报告中的任务状态、Pool和槽位必须来自本次Airflow运行。",输入数据包.zip,reference.zip,关键标准答案.xlsx,"校验训练申请、团队控制、Pool方案和演练场景之间的主键及边界关系
把输入中的Pool容量写入Airflow元数据库并回读实际配置
用setup、顺序任务组和teardown组成发布演练DAG，逐项绑定pool和pool_slots
通过DagBag装载最终DAG并实际运行发布就绪与校验中止两个DagRun
从DagRun、TaskInstance和租约事件导出结构化交接报告，核对失败后的释放闭环","检查项：交付结构与可读取性
优先级：Gate项
所属层级：L1任务指令遵循层、L7产物结构或Schema或专业对象层
标准答案：Reference根目录包含dags/shared_gpu_release_rehearsal.py、tools/run_rehearsal.py、reports/dag_contract.csv、reports/pool_configuration.csv、reports/run_outcomes.csv、reports/task_instance_evidence.csv、reports/lease_events.csv和runtime_events目录。七个文件均可读取，五份CSV表头与关键标准答案一致。
关键字段：交付路径、CSV表头、Python语法
容差：路径和表头逐字一致；Python文件可由Python3.12编译
失败边界：任一必需路径缺失、文件为空、CSV无法解析或Python语法错误，本项失败
可观察证据：交付目录、七个文件内容、Python编译结果
客观硬性标准：所有声明路径存在，五份CSV可解析，两个Python文件可编译
阈值：八类交付全部通过

检查项：输入关系与失败关闭
优先级：Gate项
所属层级：L3输入数据导入与完整性层、L5多源关联与字段一致性层、L10抗投机或反作弊层
标准答案：五个request_id、三个team_id、两个pool_name和两个scenario_id分别唯一。每条申请的team_id存在，pool_name等于对应allowed_pool，pool_slots在1至max_pool_slots之间，场景中的fail_request_id为空或属于申请集合。重复主键、未知团队、Pool不符、槽位越界或未知失败对象必须非零退出，并且不留下本轮交付物。
关键字段：training_requests.csv的request_id、team_id、pool_name、pool_slots；team_controls.csv的allowed_pool、max_pool_slots；rehearsal_scenarios.csv的scenario_id、fail_request_id
容差：字符串逐字比较，槽位按整数比较
失败边界：任一关系错误仍继续运行，或错误退出后留下报告、DAG、工具文件或runtime_events，本项失败
可观察证据：输入材料、进程退出码、标准错误、交付目录状态
客观硬性标准：四类主键集合唯一且全部关联规则成立，五类无效输入均停止且无残留
阈值：有效输入零项关系错误，任一无效输入均非零退出

检查项：DagBag导入与DAG边界
优先级：Gate项
所属层级：L2软件或工具操作层、L7产物结构或Schema或专业对象层、L8运行验证或可执行行为层
标准答案：DagBag的import_errors为空且能取得shared_gpu_release_rehearsal。schedule为空，catchup为false，max_active_runs为1。任务集合为acquire_release_lease、release_release_lease及五个request_req_2401至request_req_2405下的verify任务。
关键字段：dag_id、schedule、catchup、max_active_runs、task_id
容差：任务集合比较时不计CSV行序，字段值逐字或按布尔值比较
失败边界：出现import_error、DAG缺失、调度边界不符或任一必需任务缺失，本项失败
可观察证据：本次DagBag对象、reports/dag_contract.csv
客观硬性标准：import_errors为空，DAG边界四项和七个任务标识全部匹配
阈值：零个导入错误且七个任务全部存在

检查项：setup与teardown闭环
优先级：高权重项
所属层级：L7产物结构或Schema或专业对象层、L8运行验证或可执行行为层
标准答案：acquire_release_lease的is_setup为true；release_release_lease的is_teardown为true，trigger_rule为all_done_setup_success，并与setup关联。两个场景各有一次LEASE_ACQUIRED和一次LEASE_RELEASED，object_id均为gpu-release-window。
关键字段：is_setup、is_teardown、trigger_rule、scenario_id、event_type、object_id
容差：逐字比较；每个场景每类租约事件计数必须等于1
失败边界：setup或teardown标记错误、teardown未与setup关联、任一场景缺少释放、事件重复或租约名称不符，本项失败
可观察证据：reports/dag_contract.csv、reports/lease_events.csv、runtime_events目录
客观硬性标准：setup、teardown和trigger_rule三项结构事实正确，两个场景各有一对租约事件
阈值：结构三项全对，每个场景的取得与释放计数都等于1

检查项：申请顺序与资源声明
优先级：高权重项
所属层级：L5多源关联与字段一致性层、L7产物结构或Schema或专业对象层
标准答案：五个verify任务按release_order的10、20、30、40、50形成REQ-2401至REQ-2405的顺序链。各任务的pool和pool_slots分别为gpu_standard与2、gpu_standard与1、gpu_memory与3、gpu_standard与2、gpu_memory与2。
关键字段：task_id、upstream_task_ids、downstream_task_ids、pool、pool_slots
容差：槽位按整数精确比较，依赖按任务标识集合比较
失败边界：申请任务出现并行旁路、顺序链断裂、Pool或槽位任一不符，本项失败
可观察证据：training_requests.csv、reports/dag_contract.csv
客观硬性标准：五个任务组成唯一顺序链，五组Pool与槽位映射逐项一致
阈值：四条申请间依赖和五组资源声明全部匹配

检查项：Airflow Pool落库事实
优先级：高权重项
所属层级：L2软件或工具操作层、L8运行验证或可执行行为层
标准答案：Airflow元数据库中的gpu_standard.slots为4，gpu_memory.slots为5，两者include_deferred均为false，description分别与pool_plan.csv一致。
关键字段：pool_name、slots、include_deferred、description
容差：槽位按整数精确比较，其余字段逐字比较
失败边界：只在报告中填写而元数据库无对应Pool，或任一字段与输入不符，本项失败
可观察证据：Airflow Pool表查询结果、reports/pool_configuration.csv、pool_plan.csv
客观硬性标准：两个Pool都能从元数据库查询，四类字段与输入和报告一致
阈值：两个Pool的全部字段精确匹配

检查项：发布就绪场景结果
优先级：高权重项
所属层级：L8运行验证或可执行行为层、L9跨产物一致性与可追溯层
标准答案：release_ready的observed_dag_state为success，七个TaskInstance均为success，五条REQUEST_VERIFIED事件按REQ-2401至REQ-2405出现，lease_released_count为1。
关键字段：scenario_id、observed_dag_state、task_id、state、event_type、object_id、lease_released_count
容差：状态逐字比较，事件按event_order排序后比较
失败边界：DagRun不是success、任一任务未成功、申请事件缺失或租约释放计数不等于1，本项失败
可观察证据：reports/run_outcomes.csv、reports/task_instance_evidence.csv、reports/lease_events.csv
客观硬性标准：DagRun及七个TaskInstance全部成功，五条申请事件和一次释放均存在
阈值：七个任务状态、五个申请事件和一个释放计数全部匹配

检查项：校验中止场景结果
优先级：Gate项
所属层级：L8运行验证或可执行行为层、L9跨产物一致性与可追溯层
标准答案：verification_stop的observed_dag_state为failed。request_req_2404.verify和release_release_lease状态为failed，request_req_2405.verify状态为upstream_failed；前三个申请任务成功。REQ-2404和REQ-2405没有REQUEST_VERIFIED事件，LEASE_RELEASED仍出现一次，lease_released_count为1。
关键字段：scenario_id、fail_request_id、observed_dag_state、task_id、state、event_type、object_id、lease_released_count
容差：状态与对象标识逐字比较，计数精确匹配
失败边界：DagRun变为success、失败对象错误、后续申请继续执行、租约未释放或释放重复，本项失败
可观察证据：rehearsal_scenarios.csv、reports/run_outcomes.csv、reports/task_instance_evidence.csv、reports/lease_events.csv
客观硬性标准：失败任务、后续阻断、teardown失败、DagRun失败和租约释放五类事实同时成立
阈值：REQ-2404与释放任务为failed，REQ-2405为upstream_failed，DagRun为failed，释放计数等于1

检查项：报告来源与跨表一致性
优先级：普通项
所属层级：L5多源关联与字段一致性层、L9跨产物一致性与可追溯层、L10抗投机或反作弊层
标准答案：run_outcomes.csv中的状态与同一逻辑日期的DagRun一致；task_instance_evidence.csv中的状态来自对应run_id的TaskInstance，pool和pool_slots与最终DAG任务一致；lease_events.csv逐项对应runtime_events中的JSON内容。scenario_id、task_id和object_id可以反向连接，不能只按预期状态生成报告。
关键字段：logical_date、scenario_id、task_id、map_index、state、pool、pool_slots、event_order、event_type、object_id
容差：结构化字段精确比较，CSV行序不计分
失败边界：报告与元数据库、DAG或runtime_events任一不一致，出现缺行、重复业务主键或无法反向连接的记录，本项失败
可观察证据：Airflow元数据库、最终DAG、runtime_events、五份CSV报告
客观硬性标准：每行报告都能连接到对应Airflow对象或事件文件，连接后全部字段一致
阈值：报告记录零缺失、零重复、零字段冲突

检查项：交接可读性
优先级：辅助项
所属层级：L1任务指令遵循层
标准答案：报告采用UTF-8和稳定表头，状态及标识保持Airflow和输入中的原文字面，数据说明能够解释每份输入的用途与公开边界。
关键字段：文件编码、CSV表头、状态值、标识值、数据说明段落
容差：中文措辞可以自然调整，结构化值不得改变
失败边界：乱码、表头含义不清、状态被翻译导致无法连接，或数据说明未交代材料来源与用途，本项失败
可观察证据：reports目录、输入数据说明
客观硬性标准：全部报告使用UTF-8且表头稳定，结构化状态及标识保持原值，数据说明覆盖全部输入材料
阈值：零个乱码文件，五份报告表头完整，七类输入均有用途说明","支持的操作系统为Windows11。Apache Airflow不在Windows原生运行，本任务使用Windows11主机中的WSL2和Ubuntu24.04执行。

主软件为Apache Airflow2.10.5，使用SQLite元数据库和内置调试运行入口。Python版本为3.12，AIRFLOW_HOME必须是本次工作的独立可写目录，examples关闭，dags目录只装载本题最终DAG。

辅助工具包括PowerShell7、WSL命令行、Python标准库、UTF-8文本编辑器和CSV查看器。安装Apache Airflow及其约束依赖时需要联网，开始处理输入后不需要外部服务、云账号、GPU或生产Airflow环境。Apache Airflow按Apache License2.0使用。

输入目录只读，交付目录和AIRFLOW_HOME需要新建文件及子目录的权限。任务每次从未初始化的元数据库开始，两个场景使用输入给定的不同逻辑日期，避免与已有DagRun冲突。主要风险是报告直接抄写预期状态、Pool只写入CSV而未落库、teardown释放租约后错误地把失败DagRun改成成功，以及失败任务后面的申请仍被执行。","1.读取输入中的申请、团队控制、Pool方案、演练场景和发布策略，确认主键及关联关系
2.在Windows11的WSL2中建立独立AIRFLOW_HOME，关闭examples并初始化Apache Airflow2.10.5元数据库
3.读取pool_plan.csv，创建或更新gpu_standard和gpu_memory两个Pool，再从元数据库回读容量
4.把完成后的DAG放入dags目录，通过DagBag确认shared_gpu_release_rehearsal能够导入且没有import_errors
5.按rehearsal_scenarios.csv提供的逻辑日期和失败对象分别运行两个DagRun，不在代码中替换输入结果
6.查询DagRun和TaskInstance状态，连同DAG结构、Pool配置和租约事件写入reports目录
7.确认校验中止场景中REQ-2404失败、后续申请未执行、租约释放完成且DagRun为failed",任务规格转化.xlsx,是,用户883679,2026-07-27
